﻿<?xml version="1.0" encoding="utf-8" ?>
<c2eventsheet>
    <!--All the 'name' attributes are ignored by Construct 2 - they are there for readability only.-->
    <name>E_Tampilan Awal</name>
    <events>
        <event-block sid="800379396068053">
            <conditions>
                <condition id="3" name="On touched object" sid="652491948661286" type="Touch">
                    <param id="0" name="Object">Play</param>
                </condition>
            </conditions>
            <actions>
                <action id="-25" name="Go to layout (by name)" sid="983443805168240" type="System">
                    <param id="0" name="Layout">&quot;Quis Level 1&quot;</param>
                </action>
            </actions>
        </event-block>
    </events>
</c2eventsheet>
